nx,ny,nz,reference_mlups,fused_mlups
576,288,16,400.24974592018,4749.657886799326
900,450,90,182.7752065665963,4199.564048613587
512,256,64,249.69709801761303,5324.165498816094
900,450,90,,4239.201150141688
