nx,ny,reference_mlups,fused_mlups,mode
512,512,77.01883653863533,19146.785398076125,open_boundaries
1024,512,178.10464195813503,31787.636188814995,open_boundaries
1024,1024,350.160867526421,15769.085338566458,open_boundaries
2048,1024,881.16334936031,10760.364134043624,open_boundaries
4096,2048,569.8812612632544,10139.337453207525,open_boundaries
2048,1024,,10874.079730381844,periodic_kernel_only
4096,2048,,10351.08151769942,periodic_kernel_only
